reference,actual
Acumulación de sangre en el espacio pleural (hemotórax).,Recogida de sangre en el espacio pleural (hemotórax).
"Los productos de la inyección de ranibizumab también se usan para tratar la neovascularización coroidal miope (mCNV [en inglés]; una complicación en personas miopes donde los nuevos vasos sanguíneos pueden crecer en la parte posterior del ojo), y para tratar el edema macular después de la oclusión de la vena retiniana (una enfermedad ocular causada por el bloqueo del flujo sanguíneo del ojo que conduce a visión borrosa y pérdida de la visión).",Los productos para inyección de ranibizumab también se utilizan para tratar la neovascularización coroidea miope (VCNm; una complicación en personas con visión cercana donde los vasos sanguíneos nuevos pueden crecer en la parte posterior del ojo) y para tratar el edema macular después de la oclusión de la vena retiniana (una enfermedad ocular causada por el bloqueo del flujo sanguíneo del ojo que conduce a visión borrosa y pérdida de visión).
Tales síntomas incluyen.,Los síntomas incluyen.
Sangrado o manchado de la vagina entre periodos.,Sangrado o manchado de la vagina entre los períodos.
"Si esto sucede, llame al médico de inmediato.","Si esto sucede, llame a su médico de inmediato."
Visión borrosa.,Visión borrosa.
La rifaximina trata la encefalopatía hepática deteniendo el crecimiento de bacterias que producen toxinas y que pueden empeorar la enfermedad del hígado.,La rifaximina trata la encefalopatía hepática al detener el crecimiento de bacterias que producen toxinas y que pueden empeorar la enfermedad hepática.
"Personas que tienen hábitos de un estilo de vida malsano tales como el tabaquismo, consumo excesivo de alcohol, consumo de drogas, una dieta rica en grasa y falta de ejercicio.","Las personas que tienen hábitos de estilo de vida poco saludables como fumar, el consumo excesivo de alcohol, el uso de drogas recreativas, una dieta alta en grasas, o la falta de ejercicio."
"Este tumor provoca la secreción de demasiada epinefrina y norepinefrina, hormonas que controlan la frecuencia cardíaca, el metabolismo y la presión arterial.","Resulta en la liberación de demasiada epinefrina y norepinefrina, hormonas que controlan la frecuencia cardíaca, el metabolismo y la presión arterial."
Le harán la prueba para el Zika durante el embarazo.,Se le hará una prueba de Zika durante su embarazo.
Hidrocefalia normotensiva.,Hidrocefalia a presión normal (NPH).
Los acontecimientos de la primera infancia y los genes pueden ser los responsables.,Los genes y los eventos de la primera infancia pueden ser responsables.
"Su médico realizará un ecocardiograma (prueba que usa ondas de sonido para medir la capacidad de su corazón para bombear sangre) antes de empezar a tomar fenfluramina, cada 6 meses durante el tratamiento y una vez de 3 a 6 meses después de su dosis final de fenfluramina.","Su médico le realizará un ecocardiograma (prueba que utiliza ondas sonoras para medir la capacidad de su corazón para bombear sangre) antes de empezar a tomar fenfluramina, cada 6 meses durante el tratamiento, y una vez de 3 a 6 meses después de la dosis final de fenfluramina."
"La mayoría de los abortos espontáneos ocurren muy temprano en el embarazo, a menudo antes de que la mujer sepa que está embarazada.","La mayoría de los abortos espontáneos ocurren muy temprano en el embarazo, a menudo antes de que una mujer incluso sabe que está embarazada."
"Debe saber que el triazolam puede causarle somnolencia durante el día, disminuir su estado de alerta mental y aumentar el riesgo de que se caiga.","Debe saber que el triazolam puede causar somnolencia durante el día, puede disminuir su estado de alerta mental y puede aumentar el riesgo de caída."
Extracción de sangre o eliminación de coágulos de sangre si están elevando la presión intracraneal y causando la hernia.,Extirpar la sangre o los coágulos sanguíneos si están aumentando la presión dentro del cráneo y causando hernia.
Existen otros tipos de DAV (llamados dispositivos percutaneos de asistencia ventricular) que se pueden colocar con técnicas menos invasivas para ayudar al ventrículo izquierdo o derecho.,Existen otros tipos de DAV (llamados dispositivos de asistencia ventricular percutánea) que se pueden colocar con técnicas menos invasivas para ayudar al ventrículo izquierdo o derecho.
La histamina y otros químicos causan los síntomas de su alergia.,Las histaminas y otros productos químicos causan sus síntomas de alergia.
Esto causa molestia en la vejiga.,Esto causa una molestia en la vejiga.
SISTEMA URINARIO.,Sistema urinario.
El fisioterapeuta también puede enseñarle cómo usar las muletas de manera correcta.,El fisioterapeuta también puede enseñarte a usar correctamente muletas.
"Cuando la circulación de la sangre o la respiración de una persona se detienen, cada segundo cuenta.","Cuando el flujo sanguíneo o la respiración de alguien se detiene, los segundos cuentan."
La planta tiene 3 hojas de color verde brillantes y un tallo rojo.,La planta tiene 3 hojas verdes brillantes y un tallo rojo.
"Debe saber que la eszopiclona puede causarle somnolencia durante el día, disminuir su estado de alerta mental y aumentar el riesgo de que se caiga.","Debe saber que la eszopiclona puede provocar somnolencia durante el día, puede disminuir su estado de alerta mental y puede aumentar el riesgo de caída."
Calcificación.,Calcificación.
Infección estomacal por Helicobacter pylori.,Helicobacter pylori infección del estómago.
Se puede encontrar más información y apoyo para personas con síndrome de Tourette y sus familias en.,Se puede encontrar más información y apoyo para las personas con síndrome de Tourette y sus familias.
El riesgo de accidente cerebrovascular aumenta a medida que se envejece.,Su riesgo de accidente cerebrovascular aumenta a medida que envejece.
"Si el sistema tópico de lidocaína al 1.8% se desprende completamente o se levanta en los bordes, vuelva a fijarlo presionando firmemente los bordes del sistema tópico o las áreas levantadas.","Si la lidocaína 1,8% sistema tópico se desprende completamente o se eleva en los bordes, volver a unirlo presionando firmemente en los bordes del sistema tópico o las zonas levantadas."
Cáncer (llamada neuropatía paraneoplásica).,Cáncer (llamado neuropatía paraneoplásica).
Use la hidromorfona rectal exactamente según lo indicado.,Utilice la hidromorfona rectal exactamente como se indica.
"Tener acantosis nigricans, una afección de la piel que la vuelve oscura y gruesa, especialmente alrededor de su cuello o axilas.","Tener acantosis nigricans, una condición de la piel en la que la piel se vuelve oscura y gruesa, especialmente alrededor de su cuello o axilas."
Un procedimiento oculoplástico es un tipo de cirugía que se practica alrededor de los ojos.,Un procedimiento oculoplásico es un tipo de cirugía realizada alrededor de los ojos.
Otras causas de secreción del oído incluyen.,Otras causas de secreción del oído incluyen.
Diabetes mellitus (incluso diabetes gestacional).,Diabetes mellitus (incluyendo diabetes gestacional).
ATENCIÓN PRIMARIA.,Cuidados primarios.
Rehusar caminar (cuando están involucrados los huesos de las piernas).,Negarse a caminar (cuando los huesos de la pierna están involucrados).
"Los antivirales, como el aciclovir, tienen poco o ningún beneficio.","Los medicamentos antivirales, como el aciclovir, tienen poco o ningún beneficio."
Este examen se puede hacer para diagnosticar.,Este examen se puede hacer para diagnosticar.
Registro de los hitos del desarrollo a los 18 meses.,Registro de hitos en el desarrollo: 18 meses.
"Allí, se secciona, se tiñe y se coloca en un portaobjetos de un microscopio para su análisis.","Allí se rebana, mancha y se coloca en una diapositiva del microscopio para examinarla."
"Si queda embarazada mientras usa albuterol e ipratropio, llame a su médico.","Si queda embarazada mientras usa albuterol e ipratropio, llame a su médico."
La vacuna contra la COVID-19 de Janssen (Johnson and Johnson) no ha sido sometida a una revisión estándar para recibir la aprobación de la FDA para su uso.,Janssen (Johnson y Johnson) La vacuna COVID-19 no ha sido sometida a la revisión estándar que la FDA aprobará para su uso.
Suele tomarse cada 12 horas.,"Por lo general, se toma una vez cada 12 horas."
Esto se conoce como la técnica de fractura quirúrgica.,Esto se llama la técnica de la fractura.
"También tienen pobre tono muscular y una capacidad mental reducida, al igual que órganos sexuales subdesarrollados.","También tienen un tono muscular pobre, capacidad mental reducida y órganos sexuales subdesarrollados."
"Agregar otro tratamiento, como la psicoterapia.","Añadiendo otro tratamiento, como la terapia de conversación."
Una herida abierta o sangrado.,Una herida abierta o sangrado.
La neuralgia del trigémino es un tipo de dolor crónico que afecta a la cara.,La neuralgia trigeminal (TN) es un tipo de dolor crónico que afecta su cara.
"Probablemente, su médico deseará aumentar su dosis gradualmente.",Su médico probablemente querrá disminuir su dosis gradualmente.
No frote alcohol sobre las encías de su hijo.,No frote alcohol en las encías de su bebé.
Hable con su médico sobre usar un método de control de la natalidad para evitar un embarazo durante su tratamiento con gemcitabina.,Hable con su médico sobre el uso de anticonceptivos para prevenir el embarazo durante su tratamiento con gemcitabina.
El polvo no tiene que disolverse por completo en el líquido o alimento antes de que usted consuma la mezcla.,El polvo no necesita disolverse completamente en el líquido o en los alimentos antes de tomar la mezcla.
Alta tras cirugía de revascularización coronaria.,Medicamentos antiplaquetarios - inhibidores de P2Y12.
También se pueden desprender pedazos de placa y desplazarse hasta vasos sanguíneos más pequeños y bloquearlos.,"Los trozos de placa también pueden romperse y moverse a vasos sanguíneos más pequeños, obstruyéndolos."
Tome el metilfenidato exactamente como se lo indicaron.,Tome metilfenidato exactamente como se indica.
"Si su médico le indicó que use dos aplicaciones en esa fosa nasal, repita los pasos 4 a 9.","Si su médico le dijo que usara dos aerosoles en esa fosa nasal, repita los pasos 4 a 9."
El cuidado paliativo puede mejorar su calidad de vida.,Los cuidados paliativos pueden ayudar a mejorar su calidad de vida.
"Líquidos, a través de una vena (IV).",Fluidos a través de una vena (IV).
No atajar ni embestir a una persona con la cabeza.,No te metas ni te sumerjas en una persona con la cabeza.
Se suturará la piel.,La piel está cosida.
Esta máquina hace el trabajo del corazón y los pulmones mientras estos se encuentran detenidos y le suministra al cuerpo sangre y oxígeno.,"Esta máquina hace el trabajo de su corazón y pulmones mientras se detienen, y suministra a su cuerpo con sangre y oxígeno."
"Micción frecuente, dolorosa o difícil.",Dificultad para dormirse o permanecer dormido.
Algunas enfermedades también causan problemas en las piernas.,Ciertas enfermedades también provocan problemas en las piernas.
El estado de la persona no mejora o empeora a pesar del tratamiento.,La condición de la persona no mejora o empeora a pesar del tratamiento.
"Luego, usted pasará a tomar pastillas para el dolor por vía oral o puede recibir inyecciones del medicamento.","A continuación, se le cambiará a pastillas para el dolor que toma por vía oral, o puede recibir inyecciones de medicamentos."
Esto a menudo se hace con medicamentos quimioterapéuticos.,Esto a menudo se hace con medicamentos de quimioterapia.
Se puede tratar con medicamentos que desaceleran el tránsito normal del intestino.,Se pueden probar medicamentos para ralentizar el movimiento normal del intestino.
Láseres para evitar que los vasos sanguíneos goteen.,Láseres para evitar que los vasos sanguíneos se escapen.
Con base en los valores TNM y otros factores se asigna un estadio a su cáncer.,Se asigna un estadio a su cáncer basado en los valores TNM y otros factores.
Ellos decidirán si el animal debe ser capturado y aislado.,Ellos decidirán si el animal necesita ser capturado y aislado.
"Si este examen no eleva los niveles de la GH, existe una disminución en la cantidad de la GH humana almacenada en la hipófisis anterior.","Si esta prueba no aumenta los niveles de GH, hay una cantidad reducida de hGH almacenada en la pituitaria anterior."
"Gorgoteo, sibilancias o hacen sonidos chillones.","Erguyendo, silbando o haciendo silbidos."
Su médico o fisioterapeuta pueden enseñarle ejercicios para hacer en casa.,Es posible que su médico o fisioterapeuta le hayan enseñado a hacer ejercicios en casa.
"Si se inyectará belimumab por vía subcutánea usted mismo en su casa o si un amigo o pariente le inyectará el medicamento, su médico le mostrará a usted o a la persona que inyectará el medicamento cómo inyectarlo.","Si va a inyectarse belimumab por vía subcutánea usted mismo en casa o si un amigo o pariente le inyectará el medicamento, su médico le mostrará a usted o a la persona que inyectará el medicamento cómo inyectarlo."
La cladribina puede ocasionar efectos secundarios.,La cladribina puede causar efectos secundarios.
Dopamina: 65 a 400 microgramos (mcg) /24 horas (420 a 2612 nmol/24 horas).,Dopamina: 65 a 400 microgramos (mcg) 24 horas (420 a 2612 nmol/24 horas).
No pueden recibir una vacuna contra la COVID-19 debido a un historial de reacción a la vacuna o a un ingrediente de la misma.,No pueden recibir una vacuna COVID-19 debido a un historial de reacción a la vacuna COVID-19 o a un ingrediente de la vacuna.
El candesartán también se usa solo o en combinación con otros medicamentos para tratar la insuficiencia cardíaca congestiva (afección en la que el corazón no puede bombear suficiente sangre a otras partes del cuerpo).,El candesartán también se usa solo o en combinación con otros medicamentos para tratar la insuficiencia cardíaca congestiva (una afección en la que el corazón no puede bombear suficiente sangre a las otras partes del cuerpo).
La mayoría de las hernias en los niños sanan por sí solas.,La mayoría de las hernias en los niños sanan por sí solas.
"La solución, la loción, las almohadillas y el gel de la mayoría de las marcas se aplican dos veces al día.","La solución, loción, promesas y la mayoría de las marcas de gel se aplican dos veces al día."
¿Cómo se aseguran los objetos personales?,¿Cuán seguras son las pertenencias personales?
Pregunte a su médico si no está seguro de que estas infecciones sean comunes en su área.,Pregunte a su médico si no está seguro de si estas infecciones son comunes en su área.
No tome más de seis tabletas a menos que su doctor lo indique de manera específica.,No tome más de seis comprimidos para un dolor de cabeza a menos que su médico le indique específicamente que lo haga.
No vaya a restaurantes u otros lugares donde no pueda usar una mascarilla o coma o beba cerca de otras personas hasta después de este tiempo.,No vaya a restaurantes u otros lugares donde no pueda usar una máscara ni comer o beber cerca de otras personas hasta después de este tiempo.
Los tumores estromales ocurren generalmente durante la infancia.,Los tumores estromales generalmente ocurren durante la infancia.
"Deberá utilizar un método anticonceptivo no hormonal fiable para evitar el embarazo mientras esté tomando tamoxifeno, y durante 2 meses después del tratamiento.",Usted necesitará usar un método anticonceptivo no hormonal confiable para prevenir el embarazo mientras esté tomando tamoxifeno y durante 2 meses después de su tratamiento.
Es una trastorno que se transmite de padres a hijos.,La enfermedad de células falciformes es un trastorno transmitido por familias.
"A medida que usted se pasa de la fecha prevista de parto, la placenta puede no trabajar tan bien como antes.","Al pasar su fecha de vencimiento, la placenta puede no funcionar tan bien como antes."
Determinar si hay daño a un músculo o qué tan grave es.,Determine si un músculo está dañado o qué tan gravemente.
"Si la frecuencia cardíaca es superior a 100 latidos por minuto, el puntaje del bebé es 2 en frecuencia cardíaca.","Si la frecuencia cardíaca es mayor de 100 latidos por minuto, el bebé obtiene 2 puntajes para la frecuencia cardíaca."
Nivel de fósforo en la sangre.,Nivel de fósforo en sangre.
Evite saltar o correr.,Evite saltar o correr.
"Si aún tiene síntomas de infección después de terminar el linezolid, llame a su médico.","Si todavía tiene síntomas de infección después de terminar el linezolid, llame a su médico."
Evite los productos que puedan irritar la vejiga tales como.,Evite los productos que pueden irritar la vejiga como.
"Cuando se tienen más hormonas tiroideas de lo necesario, se agilizan las funciones del cuerpo y causa síntomas que incluyen.",Tener más hormonas tiroideas de las que necesita acelera sus funciones corporales y causa síntomas que incluyen.
Enfermedad renal terminal.,Enfermedad renal terminal.
El dolor generalmente disminuye en unos cuantos días.,El dolor debe disminuir en unos pocos días.
Enjuáguese la boca 4 veces al día con una solución de sal y bicarbonato de soda.,Enjuague la boca 4 veces al día con una solución de sal y bicarbonato de sodio.
Alta tras cirugía de válvulas cardíacas.,Aspirina y cardiopatía.
Muchas personas con este problema son capaces de llevar vidas activas.,Muchas personas con este problema son capaces de mantener una vida activa.
"Si los problemas cognitivos comienza más de un año después de los problemas del movimiento, el diagnóstico es demencia por enfermedad de Parkinson.","Si los síntomas cognitivos comienzan dentro de un año de problemas de movimiento, el diagnóstico es demencia con los cuerpos de Lewy."
"Una prueba de cortisol mide el nivel de cortisol en la sangre, orina o saliva para ver si sus niveles son normales.","Una prueba de cortisol mide el nivel de cortisol en su sangre, orina o saliva para ver si sus niveles son normales."
"Consulte con su proveedor de atención médica si tiene dolor abdominal severo que no desaparece, especialmente si se presenta con diarrea.","Póngase en contacto con su proveedor de atención médica si tiene dolor abdominal intenso que no desaparece, especialmente si ocurre con diarrea."
Mida su presión arterial.,Mide tu presión arterial.
La Administración de Alimentos y Medicamentos de los Estados Unidos (FDA) no ha aprobado o admitido el uso de esta terapia para estas afecciones.,La Administración de Alimentos y Medicamentos de los Estados Unidos (FDA) no ha autorizado ni aprobado el uso de HBOT para estas condiciones.
Llanto excesivo como si se tuviera dolor.,Llorar excesivamente como si tuviera dolor.
Se recomienda asesoría genética para las personas con antecedentes familiares de alcaptonuria que estén contemplando la posibilidad de tener hijos.,Se recomienda asesoramiento genético para personas con antecedentes familiares de alcaptonuria que estén considerando tener hijos.
Líquido abdominal infectado (peritonitis).,Líquido abdominal infectado (peritonitis).
"La inflamación a raíz de esta acumulación hace que entre la encía y los dientes se formen ""bolsas"" o huecos anormales.","La inflamación de esta acumulación causa que se forme un ""bolsillo"" o brecha anormal entre las encías y los dientes."
"Informe a su médico y farmacéutico si está tomando o planea tomar o dejar de tomar cualesquiera de los siguientes medicamentos: benzodiacepinas como alprazolam (Xanax), diazepam (Diastat, Valium), estazolam, flurazepam, lorazepam (Ativan) y triazolam (Halcion); carbamazepina (Carbatrol, Tegretol, otros); eritromicina (Eryc, E.E, S., otros); ketoconazol; otros medicamentos narcóticos para el dolor medicamentos para enfermedades mentales; relajantes musculares que incluyen ciclobenzaprina (Amrix) y metaxalona (Skelaxin); fenitoína (Dilantin, Phenytek); rifampicina (Rimactane, en Rifamate, Rifater); ritonavir (Norvir, en Kaletra, Technivie, Viekira Pak); sedantes pastillas para dormir o tranquilizantes.","Informe a su médico si está tomando, planea tomar o planea dejar de tomar cualquiera de los siguientes medicamentos: benzodiazepinas tales como alprazolam (Xanax), diazepam (Diastat, Valium), estazolam, flurazepam, lorazepam (Ativan) y triazolam (Halcion); carbamazepina (Carbatrol, Tegretol, otros); eritromicina (Eryc, E.E, S., otros); ketoconazol; otros medicamentos para el dolor narcótico; medicamentos para enfermedades mentales; relajantes musculares incluyendo ciclobenzaprina (Amrix) y metaxalona (Skelaxin); fenitoína (Dilantin, Phenytek); rifampin (Rimactane, en Rifamato, Rifater); ritonavir (Norvir, en Kaletra, Technivie, Viekira Pak); sedantes; píldoras para dormir; o tranquilizantes."
"Pancreatitis (náuseas, vómito, y dolor abdominal).","Pancreatitis (náuseas, vómitos y dolor abdominal)."
No tome este medicamento si usted está embarazada.,No tome ramipril si está embarazada.
Puede tener molestias debido al stent que continuará en su lugar hasta que es removido posteriormente.,Usted puede tener molestias del stent que continuará en su lugar hasta que se retire en un momento posterior.
El valor normal para la FA total es 44 a 147 unidades internacionales por litro (UI/L) o 0.73 a 2.45 microkatal por litro (µKat/L).,"El valor normal para el ALP total es de 44 a 147 unidades internacionales por litro (UI/L) o 0,73 a 2,45 microkatal por litro (μkat/L)."
Ellos no requerirán cuidados especiales ni controles distintos a los chequeos de rutina.,No necesitarán cuidados especiales o seguimiento aparte de sus chequeos rutinarios.
"Sin embargo, si otros órganos han resultado lesionados, la recuperción dependerá de la extensión de dichas lesiones y las afecciones médicas subyacentes.","Sin embargo, si otros órganos también han resultado heridos, la recuperación dependerá de la magnitud de esas lesiones y de las condiciones médicas subyacentes."
Evitar alimentos que provocan la alergia involucra leer las etiquetas de los alimentos cuidadosamente.,Evitar los alimentos desencadenantes implica leer cuidadosamente las etiquetas de los alimentos.
"Los resultados de exámenes físicos, de sangre y orina, y las pruebas de imágenes son normales.","Los resultados del examen físico, las pruebas de sangre y orina y las pruebas por imágenes son normales."
"Una obstrucción, un crecimiento o un tumor en las vías respiratorias.","Un bloqueo, crecimiento o tumor en las vías respiratorias."
Por qué los bebés regurgitan.,Por qué los bebés escupieron.
Si ha usado la inyección de hidromorfona durante más de varios días no deje de usarla de forma repentina.,"Si ha usado la inyección de hidromorfona durante más de unos días, no deje de usarla de repente."
La mayoría de los casos se da a raíz de un problema en el cerebro y el sistema nervioso que puede afectar la voz.,La mayoría de los casos son resultado de un problema en el cerebro y el sistema nervioso que puede afectar a la voz.
Estos se denominan accidentes cerebrovasculares silenciosos.,Estos se llaman golpes silenciosos.
Algunos cánceres causados por mutaciones del PTEN se pueden tratar con una terapia dirigid.,Algunos cánceres causados por mutaciones de PTEN pueden tratarse con terapia dirigida.
Recursos de la comunidad.,Recursos comunitarios.
Cuándo usted comienza a beber demasiado.,Cuando empiezas a beber demasiado.
"Antibióticos tópicos (aplicados a la piel) como clindamicina, eritromicina o dapsona.","Antibióticos tópicos (aplicados a la piel) como clindamicina, eritromicina o dapsona."
Las islas del Caribe.,Islas del Caribe.
"La clorfeniramina se usa para aliviar el enrojecimiento, la picazón y el lagrimeo de ojos; los estornudos; la irritación de nariz o garganta; y la secreción nasal ocasionados por las alergias, la fiebre del heno y el resfriado común.","La clorfeniramina alivia los ojos rojos, picores, llorosos; estornudos; picazón nasal o de garganta; y moqueo nasal causado por alergias, fiebre del heno y el resfriado común."
Fiebre superior a 101°F (38.3ºC) o escalofríos.,"Fiebre superior a 101°F (38,3°C) o escalofríos."
"Sin tratamiento, la DCS ocasiona daño continuo y permanente al sistema nervioso.","Sin tratamiento, el SCD resulta en daño continuo y permanente al sistema nervioso."
La meningitis por Gram negativas es más común en los bebés que en los adultos.,La meningitis gramnegativa es más común en lactantes que en adultos.
Aumento de la presión intracraneal.,Aumento de la presión intracraneal.
Erupción (usualmente una reacción alérgica).,Erupción (generalmente una reacción alérgica).
REFRIGERIOS.,Snacks.
También pueden ser más de un agujero pequeño en el tabique o en la pared entre las dos cámaras.,También pueden ser más de un pequeño agujero en el tabique o pared entre las dos cámaras.
La mejor clase es el oxígeno líquido debido a que.,El oxígeno líquido es el mejor tipo de uso porque.
"Hay algunas mujeres que no deberían dar pecho, como las que tienen VIH o consumen drogas ilegales.","Hay algunas mujeres que no deben amamantar, como las que tienen VIH o toman drogas ilegales."
Hable con el médico acerca del significado de los resultados específicos de su examen.,Hable con su médico sobre el significado de los resultados de su examen.
Problemas del desarrollo del feto como hidrocefalia o espina bífida.,"Problemas de desarrollo, como hidrocefalia o espina bífida."
El ácido aminolevulínico puede ocasionar otros efectos secundarios.,El ácido aminolevulínico puede causar otros efectos secundarios.
Los riesgos de la cirugía para el codo de tenista son.,Los riesgos de la cirugía de codo de tenis son.
Un análisis de sangre llamado A1c puede comprobar cómo está manejando su diabetes.,Un análisis de sangre llamado A1C puede verificar cómo está manejando su diabetes.
Se pueden realizar pruebas de ADN para diagnosticar los portadores del tipo A y del tipo B.,Las pruebas de ADN se pueden hacer para diagnosticar portadores de los tipos A y B.
El proveedor de atención médica llevará a cabo un examen físico.,El médico le hará un examen físico.
"Con este tejido, se remodela luego la nueva mama.",El tejido se forma entonces en una nueva mama.
Es raro que un cáncer empiece su desarrollo en el hueso.,El cáncer que comienza en un hueso es poco común.
Movimientos que ocurren una y otra vez y sin ritmo.,Movimientos que ocurren una y otra vez y no tienen ritmo.
"Accidente cerebrovascular: Cuando el riego sanguíneo al cerebro se bloquea parcial o totalmente, causa un accidente cerebrovascular.","Cuando el suministro de sangre al cerebro está parcialmente o completamente bloqueado, causa un accidente cerebrovascular."
"A continuación, se encuentran los síntomas de una intoxicación con merbromina en diferentes partes del cuerpo.",A continuación se presentan los síntomas de envenenamiento por merbromina en diferentes partes del cuerpo.
"Al cooperar con los trabajadores de la salud estatales, usted puede ayudarlos a localizar la fuente de una infección o prevenir la propagación de una epidemia.","Al cooperar con los trabajadores de salud del estado, usted puede ayudarlos a localizar la fuente de una infección o prevenir la propagación de una epidemia."
"Le preguntarán si fuma y, de ser así, qué cantidad y por cuánto tiempo lo ha hecho.","Se le preguntará si fuma, y si es así, cuánto y por cuánto tiempo."
"Si usted consume alcohol, deje de hacerlo.","Si usa alcohol, deje de hacerlo."
"Fenitoína, fenobarbital.","Fenitoína, fenobarbital."
Las razones por las que las personas tienen incontinencia intestinal incluyen.,Las razones por las que las personas tienen incontinencia intestinal incluyen.
Confiar que los padres van a regresar.,Confía en que sus padres volverán.
Ejemplos de trastornos alimenticios son.,Ejemplos de trastornos alimenticios son.
Qué preguntarle a su médico después de un reemplazo de rodilla; Reemplazo de rodilla - después - qué preguntarle a su médico; Artroplastia de rodilla - después - qué preguntarle a su médico.,Qué preguntarle a su médico después del reemplazo de rodilla; Reemplazo de rodilla - después - qué preguntarle a su médico; Artroplastía de rodilla - después - qué preguntarle a su médico.
Su médico le podría ordenar algunas pruebas de laboratorio para comprobar la respuesta de su cuerpo a la inyección de clindamicina.,Su médico puede ordenar algunas pruebas de laboratorio para comprobar la respuesta de su cuerpo a la inyección de clindamicina.
La fluocinolona pertenece a una clase de medicamentos llamados corticoesteroides.,La fluorocinolona pertenece a una clase de medicamentos llamados corticosteroides.
"Dolor de los músculos, la espalda o las articulaciones.","Dolor muscular, de espalda o articular."
Llámelo si usted o su hijo notan efectos secundarios tales como.,Llame a su proveedor si usted o su hijo notan efectos secundarios tales como.
"Si su hijo no toma la dosis completa de gránulos de dabigatrán, no le dé otra dosis en este momento.","Si su hijo no toma toda la dosis de pellets de dabigatrán, no le administre otra dosis en este momento."
Tanto hombres como mujeres pueden perder interés en el sexo.,Tanto los hombres como las mujeres pueden perder interés en el sexo.
"Informe a su médico y farmacéutico si es alérgico a la testosterona, a cualquier otro medicamento o a cualquiera de los ingredientes en los productos de testosterona tópica.","Informe a su médico y farmacéutico si es alérgico a la testosterona, a cualquier otro medicamento o a cualquiera de los ingredientes de los productos de testosterona tópica."
Sonda de alimentación nasogástrica.,Tubo de alimentación nasogástrico.
Tiene la presión arterial inferior o superior a lo que es normal para su hijo.,Tiene una presión arterial inferior o superior a la normal para su hijo.
Frote un poco de leche materna sobre el pezón después de amamantar para protegerlo.,Frote un poco de leche materna en el pezón después de alimentarlo para protegerlo.
Es posible que le realicen las siguientes pruebas para medir su función hepática.,Usted puede tener las siguientes pruebas para medir la función hepática.
"Esto le permitirá evaluar la reacción de cada niño, adecuar las explicaciones a su edad y responder a sus preguntas en privado.","Esto le permitirá medir la reacción de cada niño, adaptar las explicaciones a su edad y responder a sus preguntas en privado."
Un resultado normal a veces se reporta como negativo.,Un resultado normal a veces se reporta como negativo.
Actúa al relajar los músculos cardíacos hiperactivos.,Funciona relajando los músculos hiperactivos del corazón.
No deje de tomar milnaciprán sin hablar con su médico.,No deje de tomar milnacipran sin consultar a su médico.
"En la mayoría de los casos, los anticuerpos de glóbulos rojos Kell se desarrollan en el tiempo tras haber sido expuesto a través de varias transfusiones de sangre.","En la mayoría de los casos, los anticuerpos Kell RBC se desarrollan con el tiempo después de la exposición a través de varias transfusiones de sangre."
Alta tras extirpación laparoscópica de la vesícula biliar.,Piedras biliares - descarga.
El tratamiento depende de la causa y el tipo de dolor.,El tratamiento depende de la causa y del tipo de dolor.
"Por lo general, se toma dos veces al día y debe tomarse de forma consistente, ya sea siempre con alimentos o siempre sin alimentos cada vez.","Por lo general, se toma dos veces al día y debe tomarse de forma consistente, ya sea siempre con alimentos o siempre sin alimentos cada vez."
Lávese una o dos veces al día y también después del ejercicio.,"Lave una o dos veces al día, y también después de hacer ejercicio."
Examen de la densidad ósea.,Prueba de densidad ósea.
Debilidad o dificultad para mover un lado del cuerpo o ambos.,Debilidad o dificultad para mover uno o ambos lados del cuerpo.
Los síntomas del síndrome de Down varían de una persona a otra y pueden ir de leves a graves.,Los síntomas del síndrome de Down varían de persona a persona y pueden variar de leves a graves.
"La intensidad de su fatiga depende del tipo de cáncer que tenga, el estadio del cáncer y de los tratamientos.","La intensidad de su fatiga depende del tipo de cáncer que tenga, el estadio del cáncer y sus tratamientos."
"Por ejemplo, averigüe si su hospital tiene.","Por ejemplo, averigüe si su hospital lo ha hecho."
"El contacto directo, a través de una herida en la piel, con un animal infectado o su cadáver (con mayor frecuencia un conejo, una rata almizclera, un castor o una ardilla).","El contacto directo, a través de una rotura en la piel, con un animal infectado o su cuerpo muerto (la mayoría de las veces un conejo, almizclero, castor, o ardilla)."
"Presenta sangre en la orina, orina turbia, necesidad frecuente o urgente de orinar o una secreción del pene o la vagina.","Usted tiene sangre en la orina, orina turbia, una necesidad frecuente o urgente de orinar, o una secreción del pene o la vagina."
Inhale lentamente por la nariz y presione el aplicador del atomizador.,Inhale lentamente a través de la nariz y presione el aplicador de aerosol.
Su proveedor también le puede prescribir analgésicos.,Su proveedor también puede recetarle analgésicos.
Tercer trimestre del embarazo: 48 a 150 a 300 o más ng/mL o 152.64 a 477 a 954 o más nmol/L.,"Embarazo Tercer trimestre: 48 a 150 a 300 o más ng/ml o 152,64 a 477 a 954 o más nmol/l."
"Infecciones: Como infecciones del tracto urinario, neumonía y gripe.","Infecciones, como infecciones del tracto urinario, neumonía y gripe."
¿Ha habido algún tipo de cambio en su horario?,¿Ha cambiado tu horario?
"También se administran dosis adicionales de la inyección de eculizumab antes o después de otros tratamientos para la HPN, el SHUa, la MG o el NMOSD.","También se administran dosis adicionales de eculizumab inyectable antes o después de ciertos otros tratamientos para la HPN, aHUS, MG o NMOSD."
Inicie RCP (reanimación cardiopulmonar) o respiración boca a boca si es necesario y si usted conoce la técnica apropiada.,"Iniciar la RCP (reanimación cardiopulmonar) o la respiración de rescate, si es necesario y si conoce la técnica adecuada."
Llame a su médico de inmediato si su pareja queda embarazada mientras usted está en tratamiento con bexaroteno tópico.,Llame a su médico inmediatamente si su pareja queda embarazada mientras está usando bexaroteno tópico.
"Llame de inmediato a su médico si mientras toma el sildenafil sufre pérdida repentina de la audición, acompañada a veces de mareo o zumbido en los oídos.","Si experimenta una pérdida repentina de la audición, a veces con zumbido en los oídos o mareos, mientras está tomando sildenafilo, llame a su médico inmediatamente."
"La totalidad del siguiente contenido se toma de Las Primeras Vacunas de su Bebé, una hoja de información sobre vacunas (Vaccine Information Statement, VIS) de los Centros para el Control y la Prevención de Enfermedades (CDC): URL.",Todo el contenido a continuación se toma en su totalidad de los Centros para el Control y la Prevención de Enfermedades (CDC) Declaración de información de la vacuna de la primera vacuna de su hijo (VIS): URL.
Recto.,Rectum.
Enfermedad intestinal inflamatoria.,Colitis distal.
Pregúntele a su cirujano qué tan pronto y si le está permitido hacerlo.,Pregúntele a su cirujano qué tan pronto y si se le permite hacerlo.
Tiene un zumbido o una sensación de llenura en los oídos.,Tienes un zumbido o una sensación completa en tus oídos.
"Drenaje a través de la piel mediante una aguja, con frecuencia con la guía de una tomografía computarizada.","Drenaje a través de la piel mediante una aguja, guiado casi siempre por una tomografía computarizada."
También le pueden haber colocado una ileostomía o una colostomía.,También puede haber tenido una ileostomía o una colostomía.
Pérdida de interés en sus actividades favoritas.,Pérdida de interés en actividades favoritas.
Otras infecciones comunes por el virus de la hepatitis son la hepatitis B y la hepatitis C. La hepatitis A es la menos grave y la más leve de estas enfermedades.,Otras infecciones comunes del virus de la hepatitis son la hepatitis B y la hepatitis C. La hepatitis A es la menos grave y más leve de estas enfermedades.
La inyección de ertapenem puede ocasionar efectos secundarios.,La inyección de ertapenem puede causar efectos secundarios.
La AAC es difícil de diagnosticar con certeza sin una muestra de tejido cerebral.,La CAA es difícil de diagnosticar con certeza sin una muestra de tejido cerebral.
Es una inflamación de los pulmones o dificultad respiratoria debido a la inhalación de vapores químicos o por aspirar y ahogarse con ciertos químicos.,La neumonitis química es la inflamación de los pulmones o la dificultad para respirar debido a la inhalación de humos químicos o inhalación y asfixia en ciertos productos químicos.
Se acostará boca abajo en una camilla acolchada.,Te acostarás boca abajo sobre una mesa acolchada de rayos X.
"Así como es importante mantener su cuerpo sano, también necesita mantener sus ojos sanos.","Y así como es importante mantener tu cuerpo sano, también necesitas mantener tus ojos sanos."
¿Qué parece ayudar a detener el lagrimeo?,¿Qué parece ayudar a detener el desgarro?
"Si es necesario, llévela hacia un sitio seguro.","Si es necesario, lleve a la persona a un lugar seguro."
"Además, los informes de acontecimientos adversos presentados a la FDA mostraron que los pacientes con enfermedad renal avanzada tratados con Prolia presentaban hipocalcemia grave y sintomática, incluyendo la hospitalización y la muerte.","Además, los informes de eventos adversos presentados a la FDA mostraron hipocalcemia grave y sintomática, incluyendo hospitalización y muerte, está ocurriendo en pacientes con enfermedad renal avanzada tratados con Prolia."
Un catéter puesto en la arteria femoral en la ingle.,Un catéter colocado en la arteria femoral de la ingle.
Fluoruro de sodio.,Fluoruro de sodio.
Compartir con otras personas que tienen experiencias y problemas similares puede ayudar a que no se sienta solo.,Compartir con otros que tienen experiencias y problemas comunes puede ayudarle a no sentirse solo.
"Sin embargo, su hijo necesita consumir suficientes proteínas y calorías para crecer y desarrollarse.",Pero su hijo necesita obtener suficientes proteínas y calorías para crecer y desarrollarse.
Ardor con la micción.,Dolor ardiente con la micción.
"Informe a su médico y farmacéutico si su hijo es alérgico al propranolol, a cualquier otro medicamento o a alguno de los ingredientes que contiene la solución oral de propranolol.","Informe al médico y al farmacéutico si su hijo es alérgico al propranolol, a cualquier otro medicamento o a cualquier ingrediente de la solución oral de propranolol."
La TC crea muy rápidamente imágenes detalladas del cuerpo.,La TC hace fotos detalladas del cuerpo muy rápidamente.
Endurecimiento en el lugar donde recibió la inyección.,Dureza en el lugar donde recibió la inyección.
Requirió hospitalización o cuidados intensivos durante la infección por COVID-19.,Se requiere hospitalización o cuidados intensivos durante la infección por COVID-19.
Evaluación de la presión sanguínea.,Comprobación de la presión arterial.
"Epidermólisis bullosa, distrófica.","Epidermólisis bullosa, distrófica."
El incremento de niños con TEA puede deberse a un mejor diagnóstico y mejores definiciones del TEA.,El aumento en niños con TEA puede deberse a un mejor diagnóstico y a definiciones más recientes de TEA.
Eso ESTÁ BIEN.,Esto está bien.
También puede solicitar la opinión de un tercer médico.,También puede solicitar la opinión de un tercer médico.
La parte media es curva y se denomina cayado aórtico.,La parte media es curvada y se llama arco aórtico.
Inhibición del deseo sexual.,Deseo sexual inhibido.
"Pruebe con quesos que tienen bajo contenido de lactosa, como el queso suizo y el queso cheddar, o un producto enzimático, tal como Lactaid, para ayudar a deshacer la lactosa.","Pruebe quesos bajos en lactosa, como el suizo y el cheddar, o un producto enzimático, como el Lactaid, para ayudar a descomponer la lactosa."
Puede salir con un sudor frío.,Usted puede salir en un sudor frío.
Inhalar las esporas significa que una persona ha estado expuesta al carbunco.,Respirar en esporas significa que una persona ha estado expuesta al ántrax.
"Después de una visita virtual, puede que usted deba coordinar su atención con su proveedor habitual.","Después de una visita virtual, puede depender de usted coordinar su atención con su proveedor regular."
Pregúntele a su doctor cuando puede recibir estos tratamientos con seguridad.,Pregúntele a su médico cuándo puede someterse con seguridad a estos tratamientos.
Busque atención médica tan pronto como tenga signos de un ataque agudo.,Obtenga ayuda médica tan pronto como tenga signos de un ataque agudo.
La trazodona pertenece a una clase de medicamentos llamados moduladores de serotonina.,La trazodona pertenece a una clase de medicamentos llamados moduladores de serotonina.
La aldosterona es una hormona segregada por la glándula suprarrenal que le ayuda al riñón a controlar el equilibrio de sal y de potasio.,"La aldosterona es una hormona liberada por la glándula suprarrenal que ayuda al riñón a controlar el equilibrio de sal, agua y potasio."
Asegúrese de que el área que elija esté a más de 2 pulgadas de distancia del área en donde se inyectará la insulina.,Asegúrese de que el lugar que elija está a más de 2 pulgadas del lugar donde se inyectará insulina.
"Irritación, enrojecimiento, dolor, sensibilidad, endurecimiento o ampollas en las encías.","Irritación, enrojecimiento, dolor, sensibilidad, hinchazón, endurecimiento o ampollas en las encías."
"La dacarbacina también se usa en combinación con otros medicamentos para tratar el linfoma de Hodgkin (la enfermedad de Hodgkin; un tipo de cáncer que comienza en un tipo de glóbulos blancos que, normalmente, combate las infecciones).",La dacarbazina también se usa en combinación con otros medicamentos para tratar el linfoma de Hodgkin (enfermedad de Hodgkin; un tipo de cáncer que comienza en un tipo de glóbulos blancos que normalmente combate la infección).
Irritabilidad extrema u otros cambios en el comportamiento.,Irritabilidad extrema u otros cambios en el comportamiento.
"Durante una cistoscopia, el proveedor utiliza una sonda especial con una pequeña cámara en el extremo para mirar dentro de la vejiga.","Durante una cistoscopia, el proveedor utiliza un tubo especial con una pequeña cámara en el extremo para mirar dentro de la vejiga."
Radioterapia de intensidad modulada (RIM).,Radioterapia modulada por intensidad (IMRT).
Artrodesis vertebral.,Fusión espinal.
Pérdida de la fertilidad del semen.,Pérdida de fertilidad espermática.
Problemas para dormir o pesadillas frecuentes.,Problemas para dormir o pesadillas frecuentes.
Su hijo muestra un bajo crecimiento.,Su hijo muestra una tasa de crecimiento lento.
El acebutolol se usa para tratar la hipertensión.,El acebutolol se utiliza para tratar la presión arterial alta.
Toma al menos de 5 a 10 minutos o más liberar el medicamento.,Tome al menos de 5 a 10 minutos o más para entregar el medicamento.
Los resultados anormales de un cultivo generalmente indican la presencia de una infección respiratoria.,Los resultados anormales del cultivo generalmente indican una infección respiratoria.
"Antes de tomar cualquier medicamento o suplemento, hable con su proveedor.",Hable con su proveedor antes de tomar cualquier medicamento o suplemento.
Problemas con el manguito de los rotadores.,Problemas con las esposas del rotador.
"Si se estresa demasiado después de un desliz, eso podría hacerlo querer fumar aún más.","Si te estresas demasiado después de un resbalón, podría hacerte querer fumar aún más."
"Pocos adultos y niños mayores de 5 años de edad (aproximadamente 1 de cada 500 personas) que tomaron anticonvulsivos, como oxcarbazepina, para tratar diferentes condiciones durante los estudios clínicos tuvieron pensamientos suicidas durante su tratamiento.",Un pequeño número de adultos y niños de 5 años de edad y mayores (aproximadamente 1 de cada 500 personas) que tomaron anticonvulsivos como la oxcarbazepina para tratar diversas afecciones durante los estudios clínicos se suicidaron durante su tratamiento.
120 o mayor.,120 o más.
"Arroje los guantes, la bata y las cubiertas de los zapatos en la bolsa de riesgo biológico.","Tire sus guantes, bata y tapas de zapatos en la bolsa de riesgos biológicos."
Mucha gente no sabe que la sufre hasta que tiene una emergencia médica.,Muchas personas no saben que lo tienen hasta que tienen una emergencia médica.
"Cambio repentino en el comportamiento, sobre todo calma después de un período de ansiedad.","De repente cambia el comportamiento, especialmente la calma después de un período de ansiedad."
Esta herida puede infectarse.,Una herida como esa podría infectarse.
Ha tenido el síndrome de Guillain-Barré dentro de las 6 semanas siguientes a la dosis anterior de la vacuna contra la influenza.,Ha tenido síndrome de Guillain-Barré en las 6 semanas siguientes a una dosis previa de vacuna contra la gripe.
No deje de tomar nitazoxanida sin hablar con su médico.,No deje de tomar nitazoxanida sin consultar a su médico.
Le harán un seguimiento minucioso para garantizar que el programa funcione.,Siga de cerca para asegurarse de que el programa funciona para usted.
"La mayoría de las personas mejorará en unos pocos días, sin tratamiento.","La mayoría de las personas mejorarán en unos días, sin tratamiento."
Antes de recibir la inyección de topotecan.,Antes de recibir la inyección de topotecan.
"Si está tomando las tabletas (Sutab®), cada dosis es de 12 tabletas.","Si está tomando los comprimidos (Sutab®), cada dosis es de 12 comprimidos."
"No use el aerosol nasal de zolmitriptán si está tomando un inhibidor de la monoaminaoxidasa A (MAO-A) como isocarboxazid (Marplan), fenelzina (Parnate) o tranilcipromina (Nardil) o si ha tomado alguno de estos medicamentos durante las últimas 2 semanas.","No utilice el aerosol nasal de zolmitriptán si está tomando un inhibidor de la monoaminooxidasa A (MAO-A) como la isocarboxazida (Marplan), la fenelzina (Parnate) o la tranilcipromina (Nardil) o si ha tomado uno de estos medicamentos en las últimas 2 semanas."
Dificultad para moverse o caminar.,Problemas para moverse o caminar.
Alargamiento de la pierna - Serie.,Alargamiento de la pierna - serie.
Los síntomas pueden incluir.,Pueden incluir.
"Algunos monitores usan sangre de otras áreas del cuerpo además de los dedos, reduciendo la molestia.","Algunos monitores usan sangre de áreas del cuerpo distintas de los dedos, reduciendo el malestar."
Las células cancerosas segregan una hormona sexual masculina.,Las células cancerosas liberan una hormona sexual masculina.
Está tomando un medicamento nuevo.,Está en la nueva medicina.
"El tejido es llamado membrana sinovial, para su análisis.",El tejido se llama membrana sinovial.
"También informe a su médico si tiene o alguna vez ha tenido una enfermedad mental, convulsiones, un encefalograma anormal (EEG; una prueba que mide la actividad eléctrica del cerebro) o enfermedad renal o del hígado.","También informe a su médico si tiene o alguna vez ha tenido enfermedades mentales, convulsiones, un electroencefalograma anormal (EEG; una prueba que mide la actividad eléctrica en el cerebro), o enfermedad hepática o renal."
Esto significa que una manzana es un refrigerio más saludable que una bolsa de papas fritas.,Esto significa que una manzana es un snack más saludable que una bolsa de papas fritas.
"La disminución en la frecuencia cardíaca, el ritmo cardíaco o el nivel de oxígeno puede activar las alarmas en estos monitores.","Las caídas en la frecuencia respiratoria, la frecuencia cardíaca o el nivel de oxígeno pueden activar las alarmas de estos monitores."
Los vasos sanguíneos frágiles se pueden romper fácilmente.,Los vasos sanguíneos frágiles se pueden romper fácilmente.
Humedezca la máscara con una solución de bicarbonato de sodio y agua para proteger aún más los pulmones.,Mojar la máscara con una solución de bicarbonato de sodio y agua para proteger aún más los pulmones.
"Cuando esté listo para subir y bajar escaleras sobre los pies, siga estos pasos.","Cuando estés listo para subir y bajar escaleras en tus pies, sigue estos pasos."
Pescado y carne de ave.,Pescado y aves de corral.
"Soporte respiratorio, incluyendo oxígeno que se administra a través de una sonda que se introduce a través de la boca hasta los pulmones, conectada a un respiradpr (ventilador).","Soporte respiratorio, incluyendo oxígeno a través de un tubo a través de la boca hacia los pulmones, y un respirador (ventilador)."
La presentación del fosamprenavir es en tabletas y en una suspensión (líquido) que se administran por vía oral.,Fosamprenavir se presenta en forma de comprimido y suspensión (líquido) para tomar por vía oral.
Porciones más pequeñas suministradas con mayor frecuencia.,Alimentacións más pequeñas administradas con más frecuencia.
Llame a su médico si queda embarazada mientras recibe la inyección de nafcilina.,"Si queda embarazada mientras recibe la inyección de nafcilina, llame a su médico."
Dificultad para pasar el hombro del bebé después de que la cabeza ya ha salido (denominada distocia del hombro).,Dificultad para dar a luz el hombro del bebé después de que la cabeza ya ha salido (llamado distocia del hombro).
Inhalación de vómito si el catéter lo causa.,Respiración del vómito si el catéter causa vómitos.
Un poder legal duradero para el cuidado de la salud es un documento que nombra a su apoderado para su atención médica.,Un poder notarial duradero para la atención médica es un documento que nombra a su representante de atención médica.
Quistes en el hígado.,Quistes en el hígado.
Sequedad en la nariz.,Debilidad en brazos y piernas.
La trimipramina puede provocar efectos secundarios.,La trimipramina puede causar efectos secundarios.
Los hombres y las mujeres que viven en áreas con Zika no deberían tener relaciones sexuales o deberían usar condones por todo el tiempo que el Zika está en el área.,Los hombres y mujeres que viven en zonas con Zika no deben tener relaciones sexuales o deben usar preservativos durante todo el tiempo que el Zika esté en la zona.
La duración del tratamiento depende del tipo de infección que tenga.,La duración de su tratamiento depende del tipo de infección que tenga.
Presione alrededor de 2 pulgadas (5 centímetros) dentro del pecho.,Presione unos 5 centímetros hacia abajo en el pecho.
"Otros síntomas, como si hay dolor y cuál es su ubicación, parálisis o si ha habido recientemente una infección.","Otros síntomas, como dolor y su ubicación, parálisis, si ha habido una infección reciente."
"Las áreas específicas del cerebro, como los ganglios basales, son más susceptibles a presentar daño a causa de la insuficiencia hepática.","Las áreas específicas del cerebro, como los ganglios basales, son más propensas a sufrir lesiones por insuficiencia hepática."
"Orinar con mayor frecuencia (incluso el orinar de noche o mojar la cama, esto sucede en niños que no lo hacían antes).",Orinar con más frecuencia (incluyendo orinar por la noche o mojar la cama en niños que estaban secos durante la noche antes).
"En algunos casos, a las personas se les puede aplicar una inyección de alcohol dentro de las arterias que irrigan la parte engrosada del corazón (ablación del tabique con alcohol).","En algunos casos, se puede administrar a las personas una inyección de alcohol en las arterias que alimentan la parte engrosada del corazón (ablación septal alcohólica)."
También puede verter todo el paquete de gránulos en una cuchara limpia y colocar la cuchara de medicamento en la boca de su hijo.,También puede verter todo el paquete de gránulos en una cuchara limpia y colocar la cucharada de medicamento en la boca de su hijo.
No deje de tomar su medicamento sin hablar primero con el proveedor de atención médica.,No deje de tomar su medicamento sin hablar con su proveedor.
Signos de disminución del funcionamiento renal.,Signos de reducción de la función renal.
Los síntomas empeoran o no mejoran con el tratamiento.,Los síntomas empeoran o no mejoran con el tratamiento.
Las bandas gruesas de tejido llamadas ligamentos ayudan a mantener las articulaciones juntas e impiden que estas se muevan demasiado o muy lejos.,Las gruesas bandas de tejido llamadas ligamentos ayudan a mantener unidas las articulaciones y evitar que se muevan demasiado o demasiado lejos.
Esto le ayudará a descansar el colon.,Esto le ayudará a descansar el colon.
La sangre también se puede filtrar alrededor de la sonda.,La sangre también puede filtrarse alrededor del catéter.
Los números anteriores muestran las mediciones comunes para los resultados de estas pruebas.,Los números anteriores son mediciones comunes para los resultados de estas pruebas.
"Con la diabetes tipo 1, su cuerpo no produce insulina.","Con la diabetes tipo 1, su cuerpo no produce insulina."
50% a 80% -- ocasiona intoxicación potencialmente mortal por monóxido de carbono.,50% a 80% -- resulta en envenenamiento potencialmente mortal por monóxido de carbono.
"En los días húmedos, frescos y lluviosos, la mayor parte del polen cae al suelo.","En días fríos, húmedos y lluviosos, la mayor parte del polen se lava al suelo."
El blefaroespasmo casi siempre desaparece sin ningún tratamiento.,Los espasmos en los párpados suelen desaparecer sin tratamiento.
"Dificultad para respirar, tos, sibilancias o sonidos respiratorios agudos.","Dificultad para respirar, tos, sibilancias o sonidos respiratorios agudos."
"La exposición crónica suele asociarse a problemas de salud que aparecen más tarde, como el cáncer o el envejecimiento prematuro, que pueden suceder en un período largo de tiempo.","Por lo general, la exposición crónica se asocia con problemas médicos tardíos como el cáncer y el envejecimiento prematuro, que pueden ocurrir durante un largo período de tiempo."
Dolor de tipo cólico.,Un dolor terrible.
Nunca tire las jeringas en el bote de reciclaje o sueltas en la basura.,Nunca tire jeringas en la papelera de reciclaje o flojee en la basura.
Creer cosas que no son reales.,Creer cosas que no son reales.
"Enrojecimiento, dolor, sensibilidad, hinchazón, decoloración, picor o hematoma de la piel donde le inyectaron selexipag.","Enrojecimiento, dolor, sensibilidad, hinchazón, decoloración, picor o hematomas en la piel donde se inyectó selexipag."
Otros síntomas que se pueden presentar son.,Otros síntomas que pueden ocurrir.
La prueba de anticuerpos antinucleares es un análisis de sangre que busca detectar anticuerpos antinucleares en la sangre.,Una prueba de ANA es una prueba de sangre que busca anticuerpos antinucleares en la sangre.
Respuesta virológica sostenida - hepatitis C; RVS - hepatitis C.,Respuesta virológica sostenida - hepatitis C; RVS - hepatitis C.
No conduzca automóviles ni maneje maquinaria pesada hasta que sepa cómo lo afectará.,"No conduzca un automóvil, opere maquinaria ni realice tareas peligrosas hasta que sepa cómo le afecta este medicamento."
Prevención de caídas.,Trasplante de cornea - alta.
Se puede emplear una solución especial para enjuagar la sonda y evitar que se tapone con la sangre.,Se puede utilizar una solución especial para eliminar el catéter y evitar que se obstruya con sangre.
"En los adultos, es menos probable que el dolor de oído sea debido a una infección en este órgano.",El dolor en los oídos en adultos es menos probable que se deba a una infección del oído.
Usted es más propenso a desarrollar esta afección si tiene antecedentes familiares de esta.,Es más probable que desarrolle esta afección si tiene antecedentes familiares.
Lávese sus manos de manera apropiada o límpielas con un desinfectante para manos a base de alcohol.,Lávese las manos correctamente o límpielas con un desinfectante a base de alcohol.
"Indique a su médico y farmacéutico si es alérgico al irinotecan, a cualquier otro medicamento o a alguno de los ingredientes que contiene la inyección del complejo lipídico de irinotecan.","Informe a su médico y farmacéutico si es alérgico al irinotecán, a cualquier otro medicamento o a alguno de los ingredientes del complejo lipídico irinotecán inyectable."
El prasugrel ayudará a prevenir problemas graves relacionados con el corazón y los vasos sanguíneos únicamente mientras esté tomando el medicamento.,Prasugrel ayudará a prevenir problemas graves con el corazón y los vasos sanguíneos sólo mientras tome el medicamento.
(No deje de tomar estos medicamentos salvo que su proveedor se lo indique).,(No deje de tomar estos medicamentos a menos que se lo indique su proveedor).
"Cómo almacenar de forma segura el material, incluso a qué temperatura mantenerlo, si la humedad es segura y si debe estar en un ambiente bien ventilado.","Cómo almacenar con seguridad el material, incluida la temperatura a la que debe mantenerse, si la humedad es segura, y si debe estar en una habitación con buen flujo de aire."
La fuente del sangrado dentro del vientre o de la pelvis.,La fuente de sangrado dentro del vientre o la pelvis.
Siga las instrucciones que le den.,Siga las instrucciones que se le dan.
Tome la lenalidomida exactamente como se indica.,Tome lenalidomida exactamente como se indica.
"Sin embargo, sí lo transmiten a sus hijas.","Sin embargo, lo transmiten a sus hijas."
"Usted debe usar médicos, hospitales y otros proveedores de la lista de la red para mantener los gastos de bolsillo bajos.",Usted debe utilizar los proveedores y hospitales de la lista de la red para mantener sus costos de bolsillo bajos.
Irritabilidad o confusión.,Irritabilidad o confusión.
El ojo.,Ojo.
"La radiación de haz externo puede causar cambios en la piel, tales como pérdida del cabello, ardor o enrojecimiento de la piel, adelgazamiento del tejido cutáneo o incluso el desprendimiento de la capa externa de la piel.","La radiación de haz externo puede causar cambios en la piel, como pérdida de cabello, piel roja o quemada, adelgazamiento del tejido de la piel, o incluso derrame de la capa externa de la piel."
Evite usar la toalla directamente sobre las grapas.,Evite usar la toalla directamente en las grapas.
El inhalador de nicotina se parece a una boquilla plástica para fumar.,El inhalador de nicotina parece un porta cigarrillos de plástico.
Consulte con su proveedor tan pronto como crea que está embarazada.,Consulte a su proveedor tan pronto como piense que está embarazada.
"Problemas del sistema nervioso, como convulsiones o parálisis cerebral.","Problemas del sistema nervioso, como convulsiones o parálisis cerebral."
Use una de las siguientes soluciones al enjuagar.,Utilice una de las siguientes soluciones cuando enjuague.
Las personas que estén deshidratadas también pueden tener un nivel más alto.,Las personas que están deshidratadas también pueden tener un nivel más alto.
Puede haber más de uno.,Puede haber más de uno.
Harina de soya.,Harina de soja.
Problemas con el equilibrio y el movimiento.,Problemas de equilibrio y movimiento.
Las complicaciones abarcan las siguientes.,Las complicaciones incluyen las siguientes.
"Si le han diagnosticado una deficiencia de vitaminas, tome los suplementos vitamínicos.","Si le han diagnosticado una deficiencia de vitamina, tome suplementos vitamínicos."
"Si usa un enema de mesalamina, siga estos pasos.","Si usa un enema de mesalamina, siga estos pasos."
Retraso en el crecimiento.,Falta de prosperidad.
"Los síntomas pueden deberse a una afección, pero también es posible que no tengan ninguna causa clara.","Los síntomas pueden deberse a una afección médica, pero también pueden no tener una causa clara."
Tener depresión.,Tener depresión.
Reducirá el riesgo de una infección.,Reducir el riesgo de una infección.
Esta enfermedad es causada por una mutación en el gen que codifica una proteína llamada distrofina.,Esta enfermedad es causada por una mutación en el gen que codifica una proteína llamada distrofina.
Prueba del ácido cítrico en la orina.,Prueba de orina de ácido cítrico.
"Generalmente, no se extiende más allá de la muñeca.",Por lo general no se extiende más allá de la muñeca.
"Si usted tiene niveles de enzimas CK-MM más altos de lo normal, podría significar que tiene una lesión o una enfermedad muscular, como distrofia muscular o rabdomiólisis.","Si tiene enzimas CK-MM más altas de lo normal, puede significar que tiene una lesión o enfermedad muscular, como distrofia muscular o rabdomiolis."
Sonido chillón al inhalar (estridor).,Sonidos agudos al inhalar (estridor).
Descanse lo suficiente.,Descansa mucho.
Antes de usar la inyección de doxercalciferol.,Antes de usar la inyección de doxercalciferol.
Genes: Partes del ADN que contienen la información necesaria para producir una proteína.,"Los genes, que son partes del ADN que llevan la información necesaria para producir una proteína."
Es común que los niños piensan que algo que ellos hicieron le causó el cáncer a su padre.,Es común que los niños piensen que algo que hicieron causó el cáncer de sus padres.
"Carne magra, como bisonte (búfalo) y cortes magros de carne de cerdo y de res (tales como tajadas (round), solomo (top sirloin) y lomo o filete (tenderloin)).","Carne magra, como bisonte (búfalo) y cortes magros de cerdo y carne de res (como lomo redondo, lomo superior y lomo tierno)."
"Si se someterá a una cirugía, informe a su médico o dentista que está usando la inyección de furosemida.","Si va a someterse a una cirugía, informe al médico que está usando furosemida inyectable."
"La dificultad respiratoria tiene muchas causas posibles, incluyendo.","La falta de aliento tiene muchas causas posibles, incluso."
No deje de tomar la nilutamida sin consultar a su médico.,No deje de tomar nilutamida sin consultar a su médico.
También puede mantener las posturas por períodos prolongados de tiempo.,También puede tener poses durante largos períodos de tiempo.
Mezcle las sopas enlatadas con leche y crema o crema de leche.,Mezclar las sopas enlatadas con medio y medio o crema.
"Durante el examen, se le vigila en busca de latidos cardíacos anormales (arritmias).","Durante el examen, se le observa para detectar cualquier latidos cardíacos anormales (arritmias)."
"Para el dolor, puede usar ibuprofeno (Advil, Motrin), naproxeno (Aleve, Naprosyn), ácido acetilsalicílico (aspirin) o paracetamol (Tylenol).","Para el dolor, puede tomar ibuprofeno (Advil, Motrin), naproxeno (Aleve, Naprosyn), aspirina o acetaminofeno (Tylenol)."
Un nivel bajo de calcio en la orina pueden deberse a.,Un nivel bajo de calcio en la orina puede deberse a.
Uñas encarnadas.,Uñas encarnadas.
Ritonavir es un inhibidor de la proteasa.,Ritonavir es un inhibidor de la proteasa.
"Asimismo, puede haber otros signos de exceso de líquido en el pericardio (derrame pericárdico).",Puede haber otros signos de exceso de líquido en el pericardio (derrame pericárdico).
Tenga en cuenta que el tumor puede tener un leve aumento de tamaño al empezar el tratamiento con toremifeno.,Debe saber que su tumor puede crecer un poco más cuando comience el tratamiento con toremifeno.
"El otro tipo de gota funciona ablandando el lente natural, el cual se vuelve inflexible en la presbicia.",El otro tipo de gotas funciona suavizando la lente natural.
"En esta página, encontrará información que lo ayudará a elegir un profesional o un plan de atención médica.",En esta página encontrarás información para ayudarte a elegir un proveedor de atención médica o un servicio.
Las células neoplásicas generalmente se reproducen de manera rápida.,Las células neoplásicas a menudo se reproducen rápidamente.
"El médico puede ordenar otras pruebas, como EKG (electrocardiograma) para controlar el funcionamiento del corazón.",Su médico puede ordenar otras pruebas como el electrocardiograma (ECG) para controlar su función cardíaca.
Mielodisplasia.,Mielodisplasia.
Antes de comenzar a tomar donepezilo.,Antes de tomar doepezil.
Continúe tomando fenitoína incluso si se siente bien.,Continúe tomando fenitoína incluso si se siente bien.
"Cuanto más joven sea la persona cuando aparece la enfermedad, mayor será el riesgo de discapacidad y de muerte temprana.","Cuanto más joven es la persona cuando aparece la enfermedad, mayor es el riesgo de discapacidad y muerte precoz."
Cuáles son las probabilidades de que el cáncer vuelva.,¿Cuáles son las probabilidades de que el cáncer vuelva?
Efectos secundarios de los medicamentos utilizadas para tratar el trastorno.,Efectos secundarios de los medicamentos utilizados para tratar el trastorno.
Frecuencia cardíaca más lenta que lo usual (menos de 50 latidos por minuto).,Frecuencia cardíaca lenta (pulse menos de 50 latidos por minuto).
Los niños nacen con las piernas arqueadas debido a su posición plegada en el útero de la madre.,Los bebés nacen bolos debido a su posición doblada en el vientre de la madre.
"En algunos casos, estos síntomas pueden presentarse con fuerza y ser graves.","En algunos casos, estos síntomas pueden aparecer fuertes y ser graves."
"Sangrado, moretones o dolor en el lugar de la inyección (para la inyección de liberación prolongada).","Hemorragia en el lugar de inyección, hematomas o dolor (para la inyección de liberación prolongada)."
"Como padre o cuidador, es su tarea brindar opciones de alimentos y bebidas saludables.","Como padre o cuidador, es su función proporcionar alimentos saludables y opciones de bebidas."
Un embarazo ectópico puede ocurrir incluso si usted usa anticonceptivos.,Un embarazo ectópico puede ocurrir incluso si se utiliza un método anticonceptivo.
"Caminar o ir en bicicleta a la escuela, bailar, jugar a los bolos y practicar yoga son otras formas de ejercicio para los niños.","Caminar o ir en bicicleta a la escuela, bailar, jugar a los bolos y yoga son otras maneras para que los niños hagan ejercicio."
Lavarse las manos con frecuencia y evitar el contacto cercano con personas que tengan una infección respiratoria.,Lávese las manos con frecuencia y evite el contacto cercano con personas que tienen una infección respiratoria.
Medicamentos a través de una vena o por vía oral.,Medicamentos administrados por vía intravenosa o oral.
Pérdida de apetito (inapetencia).,Pérdida de apetito.
Llame a su médico si queda embarazada mientras recibe la inyección de peginterferón beta-1a.,"Si queda embarazada mientras toma peginterferón beta-1a inyectable, llame a su médico."
"Informe a su médico y farmacéutico si es alérgico a la semaglutida (Ozempic, Rybelsus), alibiglutida (Tanzeum; ya no se vende en los Estados Unidos); dulaglutida (Trulicity), exenatida (Bydureon, Byetta), liraglutida (Saxenda, Victoza, en Xultophy), lixisenatida (Adlyxin, en Soliqua), cualquier otro medicamento o cualquiera de los ingredientes en las tabletas de semaglutida.","Informe a su médico y farmacéutico si es alérgico a la semaglutida (Ozempic, Rybelsus), coartadaglutida (Tanzeum; ya no está disponible en EE.UU.); dulaglutida (Trulicity), exenatida (Bydureon, Byetta), liraglutida (Saxenda, Victoza, en Xultophy), lixisenatida (Adlyxin, en Soliqua), cualquier otro medicamento o cualquiera de los ingredientes de las tabletas de semaglutida."
"Estos problemas pueden desarrollarse en cualquier momento durante el tratamiento, y presentarse sin síntomas previos y causar la muerte.","Estos problemas pueden desarrollarse en cualquier momento durante el tratamiento, pueden ocurrir sin síntomas de aviso y pueden causar la muerte."
Un tipo de cifosis que aparece en la adolescencia temprana se conoce como enfermedad de Scheuermann.,Un tipo de cifosis que ocurre en adolescentes jóvenes se conoce como enfermedad de Scheuermann.
Puede volver con su primer médico y discutir la segunda opinión.,Usted podría volver a su primer médico y discutir la segunda opinión.
Otras personas solo sienten un ligero dolor o pinchazo.,Otros sienten sólo un pinchazo o un aguijón.
"Puede llevar a dificultad para la interacción social, repetición de conductas y torpeza.","Puede llevar a la dificultad de interactuar socialmente, repetir comportamientos y torpeza."
Euforia (sensación de estar ebrio).,Euforia (sensación de estar borracho).
Los resultados del cultivo ayudarán a determinar el mejor tratamiento.,Los resultados del cultivo ayudarán a determinar el mejor tratamiento.
Esta saldrá por un costado y drenará los líquidos.,El tubo saldrá de tu lado y drenará líquidos.
Si los medicamentos no le ayudan a aliviar sus síntomas de angina tan bien como solían hacerlo.,Si los medicamentos no ayudan a aliviar los síntomas de la angina tanto como antes.
Una prueba de detección prenatal puede mostrar si su bebé puede tener FCU.,Una prueba de detección prenatal puede mostrar si su bebé puede tener PKU.
Los músculos del manguito de los rotadores se han debilitado gravemente antes de la cirugía.,Los músculos del manguito rotador se han debilitado gravemente antes de la cirugía.
Un ureterocele se presenta en la parte inferior del uréter.,Un ureterocele ocurre en la parte inferior del uréter.
Pruebas de función pulmonar.,Pruebas de función pulmonar.
Debe administrar la inyección de abaloparatida en la zona inferior del estómago.,Debe inyectarse la inyección de abaloparatida en la zona inferior del estómago.
"El riesgo puede ser mayor para las personas que toman AINE por un período prolongado, son de edad más avanzada, tienen problemas de salud, fuman o beben grandes cantidades de alcohol mientras toman diclofenaco y misoprostol.","El riesgo puede ser mayor para las personas que toman AINEs durante mucho tiempo, son mayores de edad, tienen mala salud, fuman o beben grandes cantidades de alcohol mientras toman diclofenaco y misoprostol."
Ciertos cánceres en los cuales pueden aparecer síntomas de movimiento descoordinado meses o años antes de que se diagnostique el cáncer (lo que se denomina síndrome paraneoplásico).,"Ciertos cánceres, en los que los síntomas de movimiento no coordinados pueden aparecer meses o años antes de que se diagnostique el cáncer (llamado síndrome paraneoplásico)."
La muestra de sangre se envía a un laboratorio para ser analizada.,La muestra de sangre se envía a un laboratorio para que la examinen.
Otros tipos de demencia.,Otros tipos de demencia.
Aumento de la sudoración o nueva sudoración.,Aumento o nueva sudoración.
Preparación de un niño en edad escolar para un examen o procedimiento (de 6 a 12 años).,Prueba de la edad escolar o preparación del procedimiento (6 a 12 años).
"Agregue 2 onzas (60 mililitros, 1/4 taza o más o menos 4 cucharadas) de agua del grifo.","Añadir 2 onzas (60 mililitros, 1/4 taza, o aproximadamente 4 cucharadas) de agua del grifo a la taza dosificadora."
Otros medicamentos que el niño debe tomar todos los días.,Se supone que el niño debe tomar otros medicamentos todos los días.
No permita que la víctima se acueste y no intente hacerla vomitar.,No permita que la víctima se acueste y no trate de hacer vomitar a la víctima.
"Si experimenta alguno de los siguientes síntomas de tendinitis, deje de tomar la delafloxacina, descanse y llame a su médico inmediatamente: dolor, inflamación, sensibilidad, rigidez o dificultad para mover un músculo.","Si experimenta cualquiera de los siguientes síntomas de tendinitis, deje de tomar delafloxacino, descanse y llame a su médico inmediatamente: dolor, hinchazón, sensibilidad, rigidez o dificultad para mover un músculo."
Lesiones y enfermedades pasadas.,Lesiones y enfermedades pasadas.
Pero algunos trastornos pueden afectar la capacidad de los hombres y de las mujeres de tener relaciones sexuales o disfrutarlas.,Una serie de trastornos pueden afectar la capacidad de tener o disfrutar del sexo tanto en hombres como en mujeres.
"Tener su primer período antes de los 12 años, comenzar la menopausia después de los 55 años, embarazarse después de los 30 años o no embarazarse jamás incrementan su riesgo.","La menstruación antes de los 12 años, el inicio de la menopausia después de los 55 años, el embarazo después de los 30 años o nunca el embarazo aumentan el riesgo."
Verifique en la farmacia o en línea si hay un lugar para recuperar medicamentos cerca de usted.,Consulte con su farmacia o en línea para un lugar de recogida de medicamentos cerca de usted.
Dolor grave o persistente de cabeza.,Dolor de cabeza grave o persistente.
"Si no puede juntar los dientes superiores e inferiores, es posible que la mandíbula esté fracturada.","Si no puede cerrar los dientes superior e inferior juntos, su mandíbula puede estar rota."
Dígale a su doctor si usted ha tomado otras pastillas para bajar de peso en el último año.,Informe a su médico si ha tomado otras píldoras dietéticas en el último año.
"Pueden ser causados por otras enfermedades, medicamentos o exposición sustancias en el ambiente.","Pueden ser causadas por otras enfermedades, medicamentos o exposición en el medio ambiente."
Pero solo aproximadamente el 30% de las personas que necesitan un trasplante de médula ósea pueden encontrar un donante compatible en su propia familia.,Pero sólo alrededor del 30% de las personas que necesitan un trasplante de médula ósea pueden encontrar un donante compatible en su propia familia.
Un resultado normal significa que no se encontraron indicadores de enfermedad cuando se examinó la muestra bajo el microscopio.,Un resultado normal significa que no había indicadores de enfermedad cuando la muestra fue examinada bajo el microscopio.
"El goteo de moco también puede obstruir los conductos sinusales, lo que causa dolor e infección sinusal.","El goteo de mucosa también puede tapar los conductos sinusales, causando infección sinusal y dolor."
¿Tú (el otro padre) también vas a morir?,¿Tú (el otro padre) también vas a morir?
Las células madre se toman de usted mismo antes de recibir tratamiento de radioterapia o quimioterapia con dosis altas.,Las células madre se extraen de usted antes de recibir quimioterapia de dosis altas o tratamiento con radiación.
Tumor benigno de la piel.,Tumor benigno de la piel.
Pregúntele a su proveedor cuál es la lectura de presión arterial apropiada para usted.,Pregúntele a su proveedor qué lectura de la presión arterial es adecuada para usted.
Es posible que su médico disminuya la dosis gradualmente.,Su médico puede disminuir su dosis gradualmente.
Algunos laboratorios usan diferentes mediciones o analizan diferentes muestras.,Algunos laboratorios usan diferentes mediciones o prueban diferentes muestras.
Puede tener una picadura de garrapata.,Puede que tenga una picadura de garrapata.
Cerciórese de limpiarse entre los dedos y debajo de las uñas.,Asegúrese de limpiar entre los dedos y debajo de las uñas.
Los pacientes con un respirador son vigilados cuidadosamente en busca de infecciones pulmonares.,Las personas que están en un respirador son vigiladas cuidadosamente para detectar infecciones pulmonares.
La albúmina es una proteína producida por el hígado.,La albúmina es una proteína producida por el hígado.
"Para saber si una vacuna es eficaz: Si ya se ha vacunado contra una enfermedad, la prueba muestra si la vacuna le ofrece suficiente protección.","Si ya ha sido vacunado contra una enfermedad, la prueba puede mostrar si su vacuna proporciona suficiente protección."
"En muchos casos, la extracción del líquido disminuirá la presión dentro de la úlcera cutánea y aliviará el dolor.","En muchos casos, eliminar el líquido disminuirá la presión dentro de la llaga de la piel y aliviará el dolor."
Molestia al agacharse o ponerse de pie después de estar sentado durante largos períodos.,Incomodidad con doblarse o estar de pie después de sentarse durante largos períodos.
Evite el consumo de cigarrillo y alcohol.,Evite los cigarrillos y el alcohol.
"No aplique la crema de aciclovir sobre cualquier otra parte de la piel que no esté afectada, ni tampoco sobre las lesiones provocadas por el herpes genital.",No aplique la crema de aciclovir a ninguna piel no afectada ni a llagas genitales de herpes.
"Si usted es Rh-, solo puede recibir sangre Rh-.","Si eres Rh-, sólo puedes recibir Rh-sangre."
"Dígales a su médico y a su farmacéutico qué otros medicamentos, vitaminas y suplementos nutricionales con y sin receta está tomando.","Informe a su médico y farmacéutico qué otros medicamentos con y sin receta médica, vitaminas y suplementos nutricionales está tomando."
Estornudo.,Estornudando.
Su médico puede aumentar la dosis más 3 o más meses después.,Su médico puede aumentar su dosis de nuevo 3 o más meses después.
Cubra su incisión con película de plástico antes de ducharse durante la primera semana.,Cubra su incisión con plástico antes de ducharse durante los primeros dos días después de la cirugía.
"La pérdida de peso es un estrés mayor para el cuerpo, y la respuesta hormonal a la pérdida de peso es mucho más fuerte.","La pérdida de peso es un mayor estrés para el cuerpo, y la respuesta hormonal a la pérdida de peso es mucho más fuerte."
A usted se le dará información sobre cómo cuidarse después de la angioplastia.,Se le dará información sobre cómo cuidarse después de la angioplastia.
La tetrabenazina pertenece a una clase de medicamentos conocidos como inhibidores del transportador de monoamina 2 (VMAT2).,La tetrabenazina pertenece a una clase de medicamentos llamados inhibidores del transportador de monoamina vesicular 2 (VMAT2).
Infección de la vejiga (niños).,Infección vesical (niño).
"Si está tomando tafenoquina (Arakoda), su médico o farmacéutico le dará la hoja del fabricante con información para el paciente (Guía del medicamento) cuando inicie el tratamiento y cada vez que vuelva a surtir la receta médica.","Si está tomando tafenoquina (Arakoda), su médico o farmacéutico le dará la hoja del fabricante con información para el paciente (Guía del medicamento) cuando inicie el tratamiento y cada vez que vuelva a surtir su receta médica."
No lo guarde en el refrigerador ni congelador.,No conservar en nevera o congelador.
"Para los bebés, la dieta incluye leche en polvo con bajos niveles de los aminoácidos leucina, isoleucina y valina.","Para los bebés, la dieta incluye una fórmula con bajos niveles de los aminoácidos leucina, isoleucina y valina."
"Ha compartido recientemente drogas ilegales, ya sea inyectadas o no, con alguien que tiene hepatitis A.","Recientemente compartió drogas ilegales, ya sea inyectadas o no inyectadas, con alguien que tiene hepatitis A."
Tome al menos de 10 a 12 (alrededor de 1.5 a 2 litros) vasos de líquido al día (sobre todo bebidas que contengan electrólitos).,"Beba al menos de 10 a 12 vasos (unos 1,5 a 2 litros) de líquido al día (especialmente bebidas que contienen electrolitos)."
"El proveedor de atención médica llevará a cabo un examen físico, el cual incluirá un tacto rectal.","El médico realizará un examen físico, que incluirá un examen rectal."
Invierta en artículos de preparación física más baratos.,Invertir en artículos de fitness más baratos.
Reducir el riesgo de enfermedad del corazón.,Reducción del riesgo de enfermedades cardíacas.
Una computadora convierte los resultados en imágenes en 3D.,Una computadora cambia los resultados en imágenes 3D.
"El alprostadil tampoco evita el embarazo ni la propagación de enfermedades de transmisión sexual, como el virus de la inmunodeficiencia humana (VIH).",El alprostadil no previene el embarazo ni la propagación de enfermedades de transmisión sexual como el virus de la inmunodeficiencia humana (VIH).
"Historia familiar de salud con problemas de factores de coagulación: Algunos trastornos que afectan los factores de coagulación, como la hemofilia, son hereditarios.","Algunas afecciones que afectan a los factores de coagulación, como la hemofilia, se heredan."
La selección de la correcta se basa en.,Elegir la correcta se basa en.
"Inhibidores de la bomba de protones (IBP): omeprazol (Prilosec o Zegarid), esomeprazol (Nexium), lansoprazol (Prevacid), dexlansoprazol (Dexilant), rabeprazol (AcipHex) y pantoprazol (Protonix).","Inhibidores de la bomba de protones (IPP): omeprazol (Prilosec o Zegarid), esomeprazol (Nexium), lansoprazol (Prevacid), dexlansoprazol (Dexilant), rabeprazol (AcipHex) y pantoprazol (Protonix)."
"Si sus síntomas no mejoran con el cuidado personal en 2 semanas, consulte a su proveedor de atención médica.","Si sus síntomas no mejoran con el autocuidado en 2 semanas, consulte a su proveedor de atención médica."
Casi toda desaparece del organismo al cabo de 2 a 3 días.,Toda la radiación desaparece del cuerpo en 2 a 3 días.
"Dolor de pecho que empeora cuando tose, estornuda o respira profundamente.",Tos seca.
Las mujeres que están amamantando necesitan consumir más líquidos.,Las mujeres que amamantan necesitan beber más líquidos.
"Si el parche no puede ser aplicado nuevamente, desechelo y aplique un parche nuevo en otra área de la piel.","Si no se puede volver a presionar el parche, deséchelo y aplique un parche fresco en una zona diferente."
¿Qué actividades puedo hacer durante los primeros días?,¿Qué actividades son seguras en los primeros días?
El tacrolimús inyectable está indicado únicamente para personas que no pueden tomar el tacrolimús por vía oral.,Tacrolimus inyectable sólo debe ser utilizado por personas que no puedan tomar tacrolimus por vía oral.
Hable con el proveedor de atención médica acerca del significado de los resultados específicos de su examen.,Hable con su proveedor de atención médica sobre el significado de los resultados específicos de su examen.
Diálisis (máquina para el riñón).,Dialisis (máquina de riñón).
Descuidar la salud de su boca durante el tratamiento del cáncer puede llevar a un incremento en las bacterias en la boca.,No cuidar de su boca durante el tratamiento del cáncer puede conducir a un aumento de las bacterias en la boca.
La mitad de estos accidentes cerebrovasculares suceden durante las 48 horas posteriores a un AIT.,La mitad de estos accidentes cerebrovasculares ocurren durante las 48 horas después de un AIT.
Probablemente se le solicitará no beber ni comer nada durante 6 a 12 horas antes del procedimiento.,Es probable que se le pida que no beba ni coma nada durante 6 a 12 horas antes del procedimiento.
"El síndrome de Rett es una rara enfermedad genética que causa problemas en el desarrollo y en el sistema nervioso, la mayoría en niñas.","El síndrome de Rett es una enfermedad genética rara que causa problemas de desarrollo y del sistema nervioso, principalmente en las niñas."
Informe a su médico si tiene sangrado intenso en cualquier lugar del cuerpo que no se pueda detener o si tiene o alguna vez ha tenido una reacción a la heparina que le haya causado bajo nivel de plaquetas (tipo de glóbulos necesarios para una coagulación normal) en la sangre.,Informe a su médico si tiene sangrado abundante en cualquier parte del cuerpo que no pueda detenerse o si tiene o alguna vez ha tenido una reacción a la heparina que causó niveles bajos de plaquetas (tipo de células sanguíneas necesarias para la coagulación normal) en la sangre.
Electrococleografía (ECOG).,Electrococleografía (ECOG).
El H pylori ingresa a la pared mucosa del estómago y se adhiere al revestimiento del estómago.,H pylori entra en la capa de moco del estómago y se une al revestimiento del estómago.
"Algunas personas tienen un solo brote de llagas en toda la vida, otras tienen brotes más frecuentes.","Algunas personas pueden tener sólo un brote de llagas toda su vida, mientras que otras salen con más frecuencia."
"Si tiene un viaje largo de ida y vuelta al trabajo, contemple la posibilidad de hacer algunos de estos cambios.","Si usted tiene un largo viaje al trabajo, considere algunos de estos cambios."
Separe: Mantenga los alimentos crudos separados de los cocidos.,Separar - mantener los alimentos crudos para sí mismos.
Los productos de desecho permanecen en la sangre.,Los residuos permanecen en la sangre.
"Generalmente, se toma una o dos veces al día, con o sin alimentos.","Por lo general, se toma con o sin alimentos una o dos veces al día."
Deje pasar la dosis que olvidó y tome la próxima dosis en el horario normal el día siguiente.,Omita la dosis que olvidó y tome su siguiente dosis a la hora habitual del día siguiente.
¿Para cuáles condiciones o enfermedades se prescribe este medicamento?,¿Cómo se debe usar este medicamento?
"Cuando la prueba termina, el profesional de la salud puede limpiar el gel de su cuerpo.","Una vez terminado el examen, el proveedor limpiará el gel de su cuerpo."
La mayoría de los quesos.,La mayoría de los quesos.
Pruebas para enfermedades infecciosas o metabólicas.,Pruebas de enfermedades infecciosas o metabólicas.
Deterioro de la visión; Visión deteriorada; Visión borrosa.,Deterioro de la visión; Visión deteriorada; Visión borrosa.
Los productos de la inyección de trastuzumab pueden dañar a su bebé cuando aún esté en el vientre.,Los productos de inyección de trastuzumab pueden dañar al feto.
Su salud general antes de la cirugía.,Su salud general antes de la cirugía.
Su médico o farmacéutico le dará la hoja de información del fabricante para el paciente (Guía del medicamento) cuando inicie su tratamiento con saquinavir y cada vez que vuelva a surtir su receta médica.,Su médico o farmacéutico le dará la hoja del fabricante con información para el paciente (Guía del medicamento) cuando inicie el tratamiento con saquinavir y cada vez que vuelva a surtir su receta médica.
Isquemia e infarto de las arterias mesentéricas.,Isquemia arterial mesentérica e infarto.
Ritmo cardíaco rápido.,Un latido rápido.
Usted y su pareja probablemente tendrán preocupaciones acerca de su ileostomía y ambos pueden sentirse incómodos.,Usted y su pareja probablemente tendrán preocupaciones acerca de su ileostomía.
